2024-01-07 08:50:15,master,239m,11%,2586Mi,33%
2024-01-07 08:50:30,master,276m,13%,2578Mi,33%
2024-01-07 08:50:45,master,176m,8%,2590Mi,33%
2024-01-07 08:51:00,master,212m,10%,2612Mi,33%
2024-01-07 08:51:15,master,307m,15%,2588Mi,33%
2024-01-07 08:51:30,master,196m,9%,2611Mi,33%
2024-01-07 08:51:46,master,167m,8%,2616Mi,33%
2024-01-07 08:52:01,master,362m,18%,2615Mi,33%
2024-01-07 08:52:16,master,129m,6%,2618Mi,33%
2024-01-07 08:52:31,master,161m,8%,2622Mi,33%
2024-01-07 08:52:46,master,305m,15%,2617Mi,33%
2024-01-07 08:53:01,master,184m,9%,2645Mi,33%
2024-01-07 08:53:16,master,146m,7%,2622Mi,33%
2024-01-07 08:53:31,master,295m,14%,2618Mi,33%
2024-01-07 08:53:46,master,253m,12%,2625Mi,33%
2024-01-07 08:54:01,master,160m,8%,2640Mi,33%
2024-01-07 08:54:16,master,329m,16%,2622Mi,33%
2024-01-07 08:54:31,master,264m,13%,2698Mi,34%
2024-01-07 08:54:46,master,202m,10%,2627Mi,33%
2024-01-07 08:55:01,master,381m,19%,2646Mi,33%
2024-01-07 08:55:17,master,213m,10%,2609Mi,33%
2024-01-07 08:55:32,master,107m,5%,2610Mi,33%
2024-01-07 08:55:47,master,286m,14%,2630Mi,33%
2024-01-07 08:56:02,master,202m,10%,2615Mi,33%
2024-01-07 08:56:17,master,111m,5%,2615Mi,33%
2024-01-07 08:56:32,master,295m,14%,2632Mi,33%
2024-01-07 08:56:47,master,226m,11%,2623Mi,33%
2024-01-07 08:57:02,master,119m,5%,2628Mi,33%
2024-01-07 08:57:17,master,264m,13%,2644Mi,33%
2024-01-07 08:57:32,master,202m,10%,2624Mi,33%
2024-01-07 08:57:47,master,124m,6%,2624Mi,33%
2024-01-07 08:58:02,master,347m,17%,2654Mi,34%
2024-01-07 08:58:17,master,301m,15%,2622Mi,33%
2024-01-07 08:58:33,master,120m,6%,2624Mi,33%
2024-01-07 08:58:48,master,264m,13%,2645Mi,33%
2024-01-07 08:59:03,master,263m,13%,2620Mi,33%
2024-01-07 08:59:18,master,138m,6%,2572Mi,33%
2024-01-07 08:59:33,master,256m,12%,2591Mi,33%
2024-01-07 08:59:48,master,276m,13%,2572Mi,33%
2024-01-07 09:00:03,master,119m,5%,2573Mi,33%
2024-01-07 09:00:18,master,260m,13%,2599Mi,33%
2024-01-07 09:00:33,master,303m,15%,2573Mi,33%
2024-01-07 09:00:48,master,125m,6%,2578Mi,33%
2024-01-07 09:01:03,master,200m,10%,2578Mi,33%
2024-01-07 09:01:18,master,335m,16%,2573Mi,33%
2024-01-07 09:01:33,master,125m,6%,2575Mi,33%
2024-01-07 09:01:48,master,191m,9%,2577Mi,33%
2024-01-07 09:02:03,master,385m,19%,2592Mi,33%
2024-01-07 09:02:19,master,145m,7%,2579Mi,33%
2024-01-07 09:02:34,master,161m,8%,2581Mi,33%
2024-01-07 09:02:49,master,304m,15%,2576Mi,33%
2024-01-07 09:03:04,master,118m,5%,2579Mi,33%
2024-01-07 09:03:19,master,159m,7%,2581Mi,33%
2024-01-07 09:03:34,master,298m,14%,2575Mi,33%
2024-01-07 09:03:49,master,131m,6%,2590Mi,33%
2024-01-07 09:04:04,master,206m,10%,2577Mi,33%
2024-01-07 09:04:19,master,213m,10%,2601Mi,33%
2024-01-07 09:04:34,master,213m,10%,2580Mi,33%
2024-01-07 09:04:49,master,198m,9%,2581Mi,33%
2024-01-07 09:05:49,master,224m,11%,2604Mi,33%
2024-01-07 09:06:04,master,250m,12%,2596Mi,33%
2024-01-07 09:06:20,master,221m,11%,2579Mi,33%
2024-01-07 09:06:35,master,213m,10%,2597Mi,33%
2024-01-07 09:06:50,master,322m,16%,2572Mi,33%
2024-01-07 09:07:05,master,176m,8%,2577Mi,33%
2024-01-07 09:07:20,master,208m,10%,2600Mi,33%
2024-01-07 09:07:35,master,280m,14%,2579Mi,33%
2024-01-07 09:07:50,master,174m,8%,2581Mi,33%
2024-01-07 09:08:05,master,209m,10%,2596Mi,33%
2024-01-07 09:08:20,master,267m,13%,2574Mi,33%
2024-01-07 09:08:35,master,166m,8%,2576Mi,33%
2024-01-07 09:08:50,master,113m,5%,2577Mi,33%
2024-01-07 09:09:05,master,122m,6%,2579Mi,33%
2024-01-07 09:09:20,master,129m,6%,2588Mi,33%
