predicted_cpu_per,predicted_mem_per
10.858981,66.58804
11.098513,66.606346
11.349807,66.614815
11.596745,66.65504
11.76459,66.72239
11.928781,66.81391
12.093662,66.92586
12.248336,67.05471
12.382881,67.196884
12.516936,67.34909
12.647472,67.50844
12.76945,67.67266
12.886079,67.84007
12.997581,68.00951
13.10525,68.18016
13.211368,68.351555
13.315569,68.523384
13.413013,68.69544
13.51757,68.86764
13.606131,69.03988
13.699638,69.21214
13.802782,69.38439
13.90113,69.55659
13.977555,69.7287
14.070894,69.9007
14.173165,70.07257
14.277801,70.244255
14.37727,70.415726
14.473271,70.586945
14.590358,70.75788
14.702227,70.92849
14.780548,71.09875
14.891397,71.26859
15.017295,71.43801
15.140005,71.60697
15.278422,71.77544
15.412598,71.943405
15.513001,72.11082
15.647674,72.277664
15.766873,72.44393
15.846288,72.60958
15.973989,72.7746
16.105812,72.93898
16.199505,73.102684
16.282082,73.26572
16.371954,73.428055
16.463987,73.5897
16.563465,73.75064
16.648455,73.91086
16.698507,74.070335
16.775492,74.229095
16.831617,74.3871
16.855629,74.544365
16.910532,74.70088
16.941683,74.85665
16.981997,75.01167
17.026808,75.16594
17.061808,75.31946
17.08952,75.47224
17.125378,75.624275
17.156256,75.775566
17.152596,75.92612
17.18841,76.07595
17.21402,76.22506
17.246334,76.37346
17.283352,76.52117
17.319351,76.66818
17.357672,76.81452
17.400137,76.96017
17.4445,77.10516
17.489805,77.24951
17.53687,77.39322
17.584738,77.53633
17.633186,77.678825
17.681908,77.82073
17.731325,77.96207
17.782291,78.10284
17.834059,78.2431
17.876612,78.382835
17.918327,78.522064
17.9542,78.66081
17.991863,78.7991
18.038082,78.93696
18.070885,79.074394
18.101284,79.21143
18.134604,79.34808
18.160618,79.48438
18.18194,79.62034
18.200823,79.75598
18.217405,79.89135
18.23014,80.02644
18.239376,80.16131
18.246328,80.29593
18.248882,80.430374
18.249176,80.564644
18.249763,80.69876
18.245607,80.83276
18.23901,80.96668
18.23061,81.1005
18.22078,81.23429
18.209337,81.368065
18.196117,81.50183
18.181393,81.63563
18.165224,81.76948
18.147678,81.9034
18.12879,82.03744
18.108576,82.171585
18.087034,82.30589
18.064156,82.44039
18.039915,82.57507
18.014269,82.70999
17.987175,82.84515
17.958578,82.9806
17.928425,83.11635
17.89666,83.25242
17.86323,83.38885
17.828083,83.52564
17.791174,83.66282
17.75247,83.80043
17.711937,83.938484
17.669573,84.07699
17.625362,84.21597
17.579313,84.35545
17.531439,84.49545
17.481796,84.63601
17.430431,84.77711
17.3774,84.91878
17.32278,85.06103
17.26667,85.20389
17.209187,85.34737
17.150404,85.49147
17.090445,85.63621
17.029491,85.78161
16.967669,85.927666
16.905113,86.07437
16.841978,86.22174
16.778366,86.36979
16.714403,86.5185
16.650242,86.667885
16.585945,86.81793
16.521624,86.968636
16.457409,87.11999
16.393347,87.27197
16.329477,87.42456
16.265867,87.57778
16.20257,87.7316
16.13962,87.88596
16.077055,88.04088
16.014885,88.196304
15.953144,88.35221
15.891863,88.50856
15.831065,88.665306
15.770784,88.82243
15.711057,88.979866
15.651922,89.13758
15.59343,89.2955
15.53563,89.45361
15.478585,89.6118
15.422362,89.770035
15.367025,89.92825
15.312654,90.086365
15.259329,90.244316
15.207122,90.40205
15.156136,90.559456
15.106458,90.716484
15.0581875,90.873024
15.011419,91.029
14.966247,91.18434
14.9227705,91.33896
14.881079,91.49274
14.841267,91.64564
14.803421,91.797516
14.767628,91.94834
14.73396,92.09798
14.702499,92.24637
14.6733055,92.3934
14.646442,92.53899
14.62196,92.683075
14.599896,92.82558
14.580304,92.96639
14.563205,93.105446
14.548632,93.24269
14.536599,93.37803
14.527087,93.511406
14.520107,93.64276
14.515642,93.77204
14.513655,93.89918
14.514114,94.02413
14.516978,94.14685
14.522186,94.26731
14.529673,94.385445
14.539357,94.50124
14.551159,94.61467
14.564977,94.72573
14.580704,94.83437
14.598224,94.940605
14.617399,95.04442
14.638099,95.14579
14.660177,95.24474
14.68348,95.34126
14.707845,95.435356
14.7331,95.52706
14.759073,95.616394
14.785587,95.703354
14.81246,95.78794
14.83951,95.87023
14.866561,95.950226
14.893434,96.02794
14.919954,96.10344
14.945959,96.17674
14.971293,96.24788
14.995813,96.316895
15.01939,96.38383
15.041904,96.4487
15.063261,96.51159
15.083378,96.572495
15.102191,96.63151
15.119662,96.68865
15.135767,96.74395
15.150501,96.79747
15.163879,96.849236
15.175936,96.89932
15.186718,96.947754
15.196288,96.994576
15.20472,97.03982
15.212098,97.08356
15.218515,97.12581
15.224071,97.166626
15.228863,97.20605
15.232995,97.24411
15.236563,97.28086
15.239665,97.316345
15.242396,97.35059
15.244833,97.383644
15.247062,97.41554
15.249148,97.44631
15.251156,97.47599
15.253131,97.504616
15.255124,97.532234
15.257161,97.55887
15.259272,97.58457
15.261474,97.60932
15.263777,97.633194
15.266182,97.65621
15.268689,97.67839
15.271289,97.69977
15.2739725,97.72038
15.276724,97.74025
15.279526,97.75939
15.28236,97.77783
15.285208,97.79561
15.288048,97.81272
15.290862,97.82921
15.2936325,97.84509
15.296343,97.860405
15.298973,97.87514
15.30151,97.88934
15.303944,97.903015
15.306259,97.91618
15.308446,97.92888
15.310499,97.941086
15.312407,97.95286
15.314167,97.96419
15.315771,97.9751
15.317213,97.98561
15.318493,97.99572
15.319608,98.00546
15.320551,98.01484
15.321323,98.02388
15.3219185,98.032555
15.322339,98.040924
15.322577,98.04897
15.322635,98.05672
15.32251,98.06419
15.322197,98.07138
15.321698,98.07831
15.321009,98.084984
15.320129,98.091385
15.31906,98.09757
15.317798,98.10351
15.316345,98.10922
15.314702,98.11474
15.312866,98.120026
15.310846,98.12512
15.308639,98.130035
15.30625,98.13476
15.303681,98.139305
15.300941,98.14368
15.298029,98.147896
15.294953,98.15194
15.291721,98.155846
15.28834,98.159584
15.284813,98.16321
15.28115,98.16667
15.277361,98.17002
15.273451,98.17324
15.269431,98.17634
15.265308,98.17933
15.261091,98.18219
15.25679,98.18496
15.25241,98.1876
15.247962,98.19016
15.243455,98.19261
15.238893,98.19498
15.234283,98.19726
15.229638,98.19945
15.224958,98.20156
15.220253,98.20358
15.215527,98.20554
15.210782,98.20741
15.206026,98.20923
15.201263,98.21095
15.196495,98.21264
15.191729,98.21425
15.186959,98.2158
15.182198,98.217285
15.177442,98.21872
15.172693,98.2201
15.167956,98.221436
15.163229,98.22272
15.158514,98.223946
15.153813,98.225136
15.149129,98.22628
15.144461,98.22737
15.139811,98.22844
15.1351795,98.229454
15.13057,98.23044
15.125982,98.231384
15.121417,98.23229
15.116877,98.233154
15.112365,98.233986
15.1078825,98.2348
15.103428,98.23558
15.099009,98.23631
15.094624,98.23703
15.090276,98.23773
15.085965,98.238396
15.081696,98.23903
15.077469,98.23966
15.073286,98.24026
15.069151,98.240814
15.065066,98.24138
15.06103,98.2419
15.057047,98.24241
15.053121,98.242905
15.049249,98.24337
15.045434,98.24382
15.04168,98.24426
15.037987,98.24468
15.034355,98.24508
15.030787,98.24547
15.027283,98.245834
15.023844,98.24621
15.02047,98.246544
15.017166,98.24689
15.013927,98.24719
15.010759,98.247505
15.00766,98.247795
15.004629,98.248085
15.001671,98.24836
14.998781,98.24863
14.995962,98.24888
14.993216,98.249115
14.99054,98.24935
14.987937,98.24958
14.985405,98.249794
14.982944,98.24999
14.980554,98.250206
14.978238,98.2504
14.975994,98.25058
14.973821,98.250755
14.97172,98.25093
14.96969,98.2511
14.96773,98.25127
14.96584,98.25141
14.964023,98.251564
14.962275,98.2517
14.960595,98.25183
14.958987,98.25196
14.957447,98.25209
14.955974,98.252205
14.954566,98.25233
14.953228,98.25244
14.951954,98.25254
14.950747,98.25264
14.949603,98.25275
14.948522,98.252846
14.947502,98.252945
14.946547,98.25301
14.945651,98.2531
14.944818,98.25319
14.94404,98.25327
14.943321,98.25334
14.942659,98.25342
14.942053,98.25349
14.941506,98.253555
14.941009,98.253624
14.940565,98.253685
14.940175,98.25376
14.9398365,98.25381
14.939548,98.25386
14.939309,98.25392
14.939118,98.25397
14.938973,98.25401
14.938877,98.25406
14.938825,98.254105
14.938815,98.25415
14.938851,98.25419
14.9389305,98.25423
14.939049,98.25427
14.939207,98.2543
14.939407,98.25435
14.939644,98.25438
14.939919,98.25442
14.940228,98.254456
14.940577,98.254486
14.940957,98.25452
14.941369,98.25455
14.941817,98.25458
14.942296,98.254616
14.942805,98.25465
14.943342,98.25467
14.943909,98.25469
14.944503,98.254715
14.945126,98.25474
14.945771,98.25476
14.9464445,98.254776
14.947141,98.25479
14.94786,98.25482
14.9486,98.25484
14.949362,98.25486
14.950144,98.25488
14.950948,98.2549
14.951767,98.25492
14.952606,98.25493
14.953459,98.25495
14.95433,98.25496
14.955216,98.25498
14.956119,98.255005
14.957031,98.255005
14.957957,98.25501
14.958897,98.25503
14.959844,98.255035
14.960805,98.255035
14.961773,98.25505
14.962751,98.255066
14.963737,98.25508
14.96473,98.25509
14.965732,98.255104
14.966736,98.255104
14.967749,98.25511
14.968764,98.25511
14.969782,98.25512
14.970805,98.255135
14.97183,98.25514
14.9728565,98.25514
14.9738865,98.25514
14.974915,98.25516
14.9759445,98.25516
14.976974,98.25517
14.978002,98.25518
14.979025,98.25519
14.98005,98.25519
14.9810705,98.255196
14.982088,98.255196
14.983102,98.255196
14.984111,98.25521
14.985116,98.25522
14.986114,98.25522
14.987107,98.255226
14.988094,98.25523
14.989077,98.25524
14.99005,98.25524
14.991018,98.25524
14.991977,98.25524
14.992928,98.25525
14.99387,98.25525
14.994802,98.25524
14.995727,98.25524
14.996641,98.25524
14.997546,98.25525
14.998441,98.25525
14.999324,98.255264
15.000196,98.255264
15.00106,98.255264
15.001909,98.25528
15.002747,98.25528
15.003575,98.25528
15.004391,98.25528
15.005193,98.25528
15.005982,98.25528
15.006762,98.25528
15.0075245,98.25528
15.008276,98.25528
15.009014,98.25528
15.009741,98.25528
15.010449,98.25528
15.011149,98.25527
15.011831,98.25528
15.012502,98.25528
